
<persons>
    <person>
        <name>Tom</name>
        <age>11</age>
        <gender>M</gender>
        <address>
            <doorno>27</doorno>
            <street>Tony's road, Kormangala</street>
            <city>Bangalore</city>
            <state>Karnataka</state>
        </address>
        <student>
            <rollno>10</rollno>
            <standard>6</standard>
            <section>A</section>
        </student>
    </person>
    <person>
        <name>Shiny</name>
        <age>12</age>
        <gender>F</gender>
        <address>
            <doorno>10</doorno>
            <street>Main Bazar, Masiwala</street>
            <city>Bangalore</city>
            <state>Karnataka</state>
        </address>
        <staff>
            <staffid>123</staffid>
            <subject>Maths</subject>
        </staff>
    </person>
</persons>