<?xml version="1.0" encoding="utf-8"?>

<company>
    <companyname>Accenture</companyname>
    <address>Mumbai</address>
    <department>
        <dname>Development</dname>
        <deptphoneno>1877887788</deptphoneno>
        <deptfaxno>143</deptfaxno>
        <deptemail>development@accenture.com</deptemail>
            <employee>
                <empid>107</empid>
                <ename>Neha</ename>
                <emailid>neha@accenture.com</emailid>
                <phoneno>8878899599</phoneno>
            </employee>
                <contractemployee>
                    <name>Radhika</name>
                    <phoneno>7787766566</phoneno>
                </contractemployee>
            
    </department>
    <department>
        <dname>Development</dname>
        <deptphoneno>1877887788</deptphoneno>
        <deptfaxno>143</deptfaxno>
        <deptemail>development@accenture.com</deptemail>
            <employee>
                <empid>108</empid>
                <ename>Radha</ename>
                <emailid>radha@accenture.com</emailid>
                <phoneno>7878787878</phoneno>
            </employee>
    </department>
</company>