<?xml version="1.0" encoding="utf-8"?>
<creditcard>
    <card>
        <cardnumber>str1234</cardnumber>
        <fname>str1234</fname>
        <lname>str1234</lname>
        <address>str1234</address>
        <limit>1234</limit>
        <prereqid>str1234</prereqid>
        <statement>
            <stateid>1234</stateid>
            <statedate>2012-12-13</statedate>
            <statecharge>
                <cid>str1234</cid>
                <camount>123.45</camount>
                <cdate>2012-12-13</cdate>
                <cbusiness>str1234</cbusiness>
            </statecharge>
        </statement>
    </card>
</creditcard>